Workbook

Sheet Sales_Data
A1: Order_ID | B1: Customer_Name | C1: City | D1: Product | E1: Category | F1: Quantity | G1: Sales | H1: Profit | I1: Order_Date | J1: Salesperson | K1: Clean_City | L1: Clean_Name | M1: Sales_Status | N1: Region_VLOOKUP | O1: Region_XLOOKUP | Q1: Salesperson | R1: Region
A2: 1001 | B2: rahul sharma | C2: kolkata | D2: Laptop | E2: Electronics | F2: 2 | G2: 85000 | H2: 12000 | I2: 01-01-2026 | J2: Amit | K2: =PROPER(C2) -> Kolkata | L2: Rahul Sharma | M2: =IF(G2>50000,"High Sales","Low Sales") -> High Sales | N2: =VLOOKUP(J2,Q2:R4,2,FALSE) -> East | O2: =_xlfn.XLOOKUP(J2,Q2:Q4,R2:R4) -> East | Q2: Amit | R2: East
A3: 1002 | B3: PRIYA SEN | C3: Delhi | D3: Mobile | E3: Electronics | F3: 1 | G3: 25000 | H3: 5000 | I3: 02-01-2026 | J3: Suman | K3: =PROPER(C3) -> Delhi | L3: =TRIM(B3) -> PRIYA SEN | M3: =IF(G3>50000,"High Sales","Low Sales") -> Low Sales | N3: =VLOOKUP(J3,Q2:R4,2,FALSE) -> South | O3: =_xlfn.XLOOKUP(J3,Q2:Q4,R2:R4) -> South | Q3: Ravi | R3: West
A4: 1003 | B4: Amit Das | C4: mumbai | D4: Chair | E4: Furniture | F4: 4 | G4: 12000 | H4: 2500 | I4: 03-01-2026 | J4: Ravi | K4: =PROPER(C4) -> Mumbai | L4: =TRIM(B4) -> Amit Das | M4: =IF(G4>50000,"High Sales","Low Sales") -> Low Sales | N4: =VLOOKUP(J4,Q2:R4,2,FALSE) -> West | O4: =_xlfn.XLOOKUP(J4,Q2:Q4,R2:R4) -> West | Q4: Suman | R4: South
A5: 1004 | B5: Sneha Roy | C5: Kolkata | D5: Table | E5: Furniture | F5: 2 | G5: 18000 | H5: 4000 | I5: 04-01-2026 | J5: Amit | K5: =PROPER(C5) -> Kolkata | L5: =TRIM(B5) -> Sneha Roy | M5: =IF(G5>50000,"High Sales","Low Sales") -> Low Sales | N5: =VLOOKUP(J5,Q2:R4,2,FALSE) -> East | O5: =_xlfn.XLOOKUP(J5,Q2:Q4,R2:R4) -> East
A6: 1005 | B6: Rahul Sharma | C6: kolkata | D6: Laptop | E6: Electronics | F6: 2 | G6: 85000 | H6: 12000 | I6: 01-01-2026 | J6: Amit | K6: =PROPER(C6) -> Kolkata | L6: =TRIM(B6) -> Rahul Sharma | M6: =IF(G6>50000,"High Sales","Low Sales") -> High Sales | N6: =VLOOKUP(J6,Q2:R4,2,FALSE) -> East | O6: =_xlfn.XLOOKUP(J6,Q2:Q4,R2:R4) -> East
A7: 1006 | B7: Arjun Pal | C7: Chennai | D7: AC | E7: Electronics | F7: 1 | G7: 40000 | H7: 7000 | I7: 05-01-2026 | J7: Suman | K7: =PROPER(C7) -> Chennai | L7: =TRIM(B7) -> Arjun Pal | M7: =IF(G7>50000,"High Sales","Low Sales") -> Low Sales | N7: =VLOOKUP(J7,Q2:R4,2,FALSE) -> South | O7: =_xlfn.XLOOKUP(J7,Q2:Q4,R2:R4) -> South
A8: 1007 | B8: Meena K | C8: Bangalore | D8: Sofa | E8: Furniture | F8: 1 | G8: 30000 | H8: 6000 | I8: 06-01-2026 | J8: Ravi | K8: =PROPER(C8) -> Bangalore | L8: =TRIM(B8) -> Meena K | M8: =IF(G8>50000,"High Sales","Low Sales") -> Low Sales | N8: =VLOOKUP(J8,Q2:R4,2,FALSE) -> West | O8: =_xlfn.XLOOKUP(J8,Q2:Q4,R2:R4) -> West
A9: 1008 | B9: Riya Dey | C9: Delhi | D9: Mobile | E9: Electronics | F9: 3 | G9: 75000 | H9: 15000 | I9: 07-01-2026 | J9: Amit | K9: =PROPER(C9) -> Delhi | L9: =TRIM(B9) -> Riya Dey | M9: =IF(G9>50000,"High Sales","Low Sales") -> High Sales | N9: =VLOOKUP(J9,Q2:R4,2,FALSE) -> East | O9: =_xlfn.XLOOKUP(J9,Q2:Q4,R2:R4) -> East
A10: 1009 | B10: Karan Jain | C10: Mumbai | D10: Bed | E10: Furniture | F10: 1 | G10: 22000 | H10: 3500 | I10: 08-01-2026 | J10: Ravi | K10: =PROPER(C10) -> Mumbai | L10: =TRIM(B10) -> Karan Jain | M10: =IF(G10>50000,"High Sales","Low Sales") -> Low Sales | N10: =VLOOKUP(J10,Q2:R4,2,FALSE) -> West | O10: =_xlfn.XLOOKUP(J10,Q2:Q4,R2:R4) -> West
A11: 1010 | B11: Sunil Roy | C11: Kolkata | D11: TV | E11: Electronics | F11: 2 | G11: 65000 | H11: 10000 | I11: 09-01-2026 | J11: Suman | K11: =PROPER(C11) -> Kolkata | L11: =TRIM(B11) -> Sunil Roy | M11: =IF(G11>50000,"High Sales","Low Sales") -> High Sales | N11: =VLOOKUP(J11,Q2:R4,2,FALSE) -> South | O11: =_xlfn.XLOOKUP(J11,Q2:Q4,R2:R4) -> South
A12: Advanced Text Cleaning Formulas
A13: PROPER()
A14: =PROPER(B2) -> Rahul Sharma | L14: Clean Name
L15: {=PROPER(L2:L11)} -> Rahul Sharma
A16: TRIM() | C16: Logical Formulas | D16: Text Combination Formula | F16: DATE FUNCTIONS | G16: VLOOKUP() | H16: Conditional Formating | I16: Duplicate Values | J16: Color Scales | K16: Data Bars | L16: Priya Sen
A17: =TRIM(B6) -> Rahul Sharma | C17: IF () | D17: Concatenation | F17: YEAR() | G17: =VLOOKUP(J2,Q2:R4,2,FALSE) -> East | H17: 85000 | I17: 85000 | J17: 85000 | K17: 85000 | L17: Amit Das
C18: =IF(G2 > 50000, "High Sales","Low Sales") -> High Sales | D18: =B2&"-"&C2 -> rahul sharma-kolkata | F18: =YEAR(I2) -> 2026 | G18: =VLOOKUP(J2,Q2:R4,2,FALSE) -> East | H18: 25000 | I18: 25000 | J18: 25000 | K18: 25000 | L18: Sneha Roy
A19: UPPER() | C19: =IF(G1 > 50000, "High Sales","Low Sales") -> High Sales | D19: {=B2:B7&"-"&C2:C7} -> rahul sharma-kolkata | H19: 12000 | I19: 12000 | J19: 12000 | K19: 12000 | L19: Rahul Sharma
A20: =UPPER(B2) -> RAHUL SHARMA | D20: PRIYA SEN-Delhi | F20: MONTH() | G20: XLOOKUP() | H20: 18000 | I20: 18000 | J20: 18000 | K20: 18000 | L20: Arjun Pal
C21: NESTED IF () | D21: Amit Das-mumbai | F21: =MONTH(I2) -> 1 | G21: =_xlfn.XLOOKUP(J2,Q2:Q4,R2:R4) -> East | H21: 85000 | I21: 85000 | J21: 85000 | K21: 85000 | L21: Meena K
A22: LOWER() | C22: =IF(G2>70000,"Excellent",IF(G2>30000,"Good","Average")) -> Excellent | D22: Sneha Roy-Kolkata | H22: 40000 | I22: 40000 | J22: 40000 | K22: 40000 | L22: Riya Dey
A23: =LOWER(B10) -> karan jain | C23: {=IF(G2:G7>70000,"Excellent", IF(G2:G7>30000,"Good","Average"))} -> Excellent | D23: Rahul Sharma-kolkata | F23: DAY() | G23: HLOOKUP() | H23: 30000 | I23: 30000 | J23: 30000 | K23: 30000 | L23: Karan Jain
C24: Average | D24: Arjun Pal-Chennai | F24: =DAY(I2) -> 1 | G24: =HLOOKUP(J2,Q2:R4,2,FALSE) -> Ravi | H24: 75000 | I24: 75000 | J24: 75000 | K24: 75000 | L24: Sunil Roy
A25: LEN() | C25: Average | H25: 22000 | I25: 22000 | J25: 22000 | K25: 22000
A26: =LEN(B8) -> 7 | C26: Average | D26: LEFT() | F26: TODAY() | H26: 65000 | I26: 65000 | J26: 65000 | K26: 65000
C27: Excellent | D27: =LEFT(D2,3) -> Lap | F27: =TODAY() -> 46151
C28: Good
D29: RIGHT()
C30: AND () | D30: =RIGHT(D2,2) -> op
C31: =IF(AND(G2>50000,H2>10000),"Top Order","Normal") -> Top Order
D32: MID()
C33: OR () | D33: =MID(D2,2,3) -> apt
C34: =IF(OR(G2>70000, H2>10000),"Priority","Normal") -> Priority

Sheet KPI_Dashboard
A1: KPI | B1: Formula
A2: Total Sales | B2: =SUM(Sales_Data!G2:G12) -> 457000
A3: Total Profit | B3: =SUM(Sales_Data!H2:H12) -> 77000
A4: Average Sales | B4: =AVERAGE(Sales_Data!G2:G12) -> 45700
A5: Highest Sales | B5: =MAX(Sales_Data!G2:G12) -> 85000
A6: Lowest Sales | B6: =MIN(Sales_Data!G2:G12) -> 12000
A7: Total Orders | B7: =COUNT(Sales_Data!A2:A12) -> 10
